player,Age,GP,GS,W,L,T/O,GA,SA,SV,SV%,GAA,SO,GPS,MIN,QS,QS%,RBS,GA%-,GSAA,HEIGHT,HANDED,DRAFTED,GA60,xGA60,GSAx60,SIGNING AGE,LENGTH,SIGNING,CAP HIT,CAP_HIT_%
Jake Allen,30,29,27,11,12,5,76,817,741,0.907,2.68,0,4.7,1703,12,0.444,2,101.0,-0.73,188,0,34,2.68,2.53,-0.15,25,4,0,4350000,0.0533742331288343
Frederik Andersen,31,24,23,13,8,3,70,668,598,0.895,2.96,0,3.0,1420,9,0.391,6,114.0,-8.46,193,0,87,2.91,2.46,-0.45,26,5,0,5000000,0.0613496932515337
Jonathan Bernier,32,24,23,9,11,1,65,757,692,0.914,2.99,0,5.0,1306,15,0.652,4,93.0,4.74,183,0,11,2.99,3.03,0.04,29,3,1,3000000,0.0368098159509202
Jordan Binnington,27,42,41,18,14,8,108,1200,1092,0.91,2.65,0,7.3,2448,21,0.512,5,98.0,2.56,185,0,88,2.64,2.71,0.07,25,2,0,4400000,0.0539877300613496
Mackenzie Blackwood,24,35,35,14,17,4,106,1081,975,0.902,3.04,1,5.7,2091,18,0.514,10,106.0,-6.41,193,0,42,3.04,2.68,-0.37,23,3,0,2800000,0.0343558282208589
Sergei Bobrovsky,32,31,30,19,8,2,88,935,847,0.906,2.91,0,5.3,1816,16,0.533,4,102.0,-1.86,188,0,300,2.91,2.54,-0.37,30,7,1,10000000,0.1226993865030674
Laurent Brossoit,27,14,11,6,6,0,30,368,338,0.918,2.42,1,2.6,744,7,0.636,0,88.0,3.9,191,0,164,2.42,2.43,0.01,27,1,1,1500000,0.0184049079754601
Jack Campbell,29,22,22,17,3,2,46,585,539,0.921,2.15,2,4.3,1284,13,0.591,2,85.0,7.9,188,0,11,2.11,2.41,0.31,28,2,1,1650000,0.0202453987730061
Thatcher Demko,25,35,35,16,18,1,99,1164,1065,0.915,2.85,1,7.8,2087,19,0.543,3,92.0,8.24,193,0,36,2.89,3.1,0.21,23,2,0,1050000,0.012883435582822
Casey DeSmith,29,20,17,11,7,0,48,543,495,0.912,2.54,2,3.4,1132,9,0.529,2,96.0,2.03,183,0,300,2.54,2.74,0.2,27,3,1,1250000,0.0153374233128834
Devan Dubnyk,34,22,18,6,11,2,63,602,539,0.895,3.2,1,2.7,1183,8,0.444,4,114.0,-7.54,198,0,14,3.2,2.59,-0.61,29,6,1,4333333,0.0531697300613496
Marc-André Fleury,36,36,36,26,10,0,71,989,918,0.928,1.98,6,8.0,2147,26,0.722,3,78.0,20.12,188,0,1,2.04,2.55,0.51,34,3,1,7000000,0.0858895705521472
Anton Forsberg,28,8,8,3,4,1,24,264,240,0.909,3.21,0,1.6,449,6,0.75,1,99.0,0.32,191,0,188,3.21,3.12,-0.09,27,1,1,700000,0.0085889570552147
Alexandar Georgiev,24,19,18,8,7,2,44,465,421,0.905,2.71,2,2.6,974,9,0.5,3,103.0,-1.16,185,0,300,2.71,2.48,-0.23,24,2,0,2425000,0.0297546012269938
John Gibson,27,35,35,9,19,7,101,1042,941,0.903,2.98,3,5.6,2031,15,0.429,7,105.0,-5.0,188,0,39,2.98,2.87,-0.11,25,8,0,6400000,0.0785276073619632
Thomas Greiss,35,34,29,8,15,8,79,894,815,0.912,2.7,2,5.6,1755,17,0.586,4,96.0,3.36,188,0,94,2.7,2.45,-0.25,34,2,1,3600000,0.0441717791411042
Philipp Grubauer,29,40,39,30,9,1,77,993,916,0.922,1.95,7,7.4,2367,26,0.667,5,84.0,14.48,185,0,112,2.0,2.1,0.1,26,3,0,3333333,0.0408997914110429
Connor Hellebuyck,27,45,45,24,17,3,112,1335,1223,0.916,2.58,4,9.1,2603,25,0.556,6,91.0,10.99,193,0,130,2.66,2.94,0.28,25,6,0,6166666,0.0756646134969325
Adin Hill,24,19,17,9,9,1,46,530,484,0.913,2.74,2,3.4,1006,8,0.471,2,94.0,2.83,198,0,76,2.74,2.7,-0.05,24,1,0,800000,0.0098159509202454
Marcus Högberg,26,14,10,4,7,0,40,322,282,0.876,3.74,0,0.8,642,3,0.3,3,135.0,-10.33,196,0,78,3.74,2.6,-1.14,24,2,0,700000,0.0085889570552147
Braden Holtby,31,21,21,7,11,3,77,695,618,0.889,3.67,0,2.7,1260,7,0.333,5,120.0,-12.97,188,0,93,3.34,3.11,-0.23,30,2,1,4300000,0.052760736196319
Ville Husso,25,17,15,9,6,1,49,460,411,0.893,3.21,1,2.0,917,7,0.467,2,116.0,-6.62,188,0,94,3.43,2.71,-0.72,25,2,0,750000,0.00920245398773
Carter Hutton,35,13,12,1,10,1,39,341,302,0.886,3.47,0,1.2,675,6,0.5,4,124.0,-7.58,183,0,300,3.47,2.75,-0.72,32,3,1,2750000,0.0337423312883435
Tristan Jarry,25,39,38,25,9,3,100,1100,1000,0.909,2.75,2,6.6,2185,24,0.632,7,99.0,1.34,188,0,44,2.75,2.47,-0.28,25,3,0,3500000,0.0429447852760736
Martin Jones,31,34,34,15,13,4,102,980,878,0.896,3.28,1,4.5,1868,15,0.441,12,113.0,-11.71,193,0,300,3.28,2.83,-0.45,28,6,1,5750000,0.0705521472392638
Anton Khudobin,34,32,32,12,11,7,76,799,723,0.905,2.54,3,4.4,1795,17,0.531,8,103.0,-2.39,180,0,206,2.54,2.2,-0.34,34,3,1,3333333,0.0408997914110429
Joonas Korpisalo,26,33,31,9,13,7,96,904,808,0.894,3.3,0,3.9,1747,13,0.419,8,115.0,-12.71,191,0,62,3.3,2.67,-0.63,26,2,0,2800000,0.0343558282208589
Mikko Koskinen,32,26,25,13,13,0,76,756,680,0.899,3.17,0,3.8,1438,12,0.48,4,109.0,-6.35,201,0,31,3.14,2.79,-0.34,30,3,1,4500000,0.0552147239263803
Darcy Kuemper,30,27,27,10,11,3,66,710,644,0.907,2.56,2,4.1,1547,15,0.556,3,101.0,-0.59,196,0,161,2.56,2.49,-0.07,30,2,1,4500000,0.0552147239263803
Robin Lehner,29,19,19,13,4,2,44,505,461,0.913,2.29,1,3.2,1155,12,0.632,4,95.0,2.53,193,0,46,2.29,2.55,0.26,28,5,1,5000000,0.0613496932515337
Jacob Markström,31,43,43,22,19,2,111,1161,1050,0.904,2.66,3,6.4,2508,23,0.535,8,104.0,-4.04,198,0,31,2.66,2.39,-0.27,30,6,1,6000000,0.0736196319018405
Petr Mrázek,28,12,12,6,2,3,23,298,275,0.923,2.06,3,2.2,671,7,0.583,1,84.0,4.45,185,0,141,2.06,2.95,0.9,27,2,1,3125000,0.0383435582822085
Matt Murray,26,27,25,10,13,1,79,738,659,0.893,3.38,2,3.1,1404,14,0.56,8,116.0,-11.01,193,0,83,3.38,2.72,-0.66,26,4,0,6250000,0.0766871165644171
Alex Nedeljkovic,25,23,23,15,5,3,44,648,604,0.932,1.9,3,5.5,1392,15,0.652,0,74.0,15.7,183,0,37,1.9,2.46,0.57,23,2,0,737500,0.0090490797546012
Carey Price,33,25,25,12,7,5,65,659,594,0.901,2.64,1,3.4,1479,14,0.56,6,107.0,-4.29,191,0,5,2.64,2.34,-0.3,29,8,1,10500000,0.1288343558282208
Jonathan Quick,35,22,22,11,9,2,58,566,508,0.898,2.86,2,2.7,1219,10,0.455,4,111.0,-5.85,185,0,72,2.86,2.69,-0.16,27,10,1,5800000,0.0711656441717791
Antti Raanta,31,12,11,5,5,2,38,401,363,0.905,3.36,0,2.2,679,6,0.545,2,103.0,-1.06,183,0,300,3.36,3.22,-0.14,29,3,1,4250000,0.0521472392638036
Tuukka Rask,33,24,24,15,5,2,53,611,558,0.913,2.28,2,4.0,1396,16,0.667,5,94.0,3.29,191,0,21,2.27,2.25,-0.02,26,8,0,7000000,0.0858895705521472
James Reimer,32,22,21,15,5,2,59,627,568,0.906,2.66,0,3.6,1331,10,0.476,1,102.0,-1.23,188,0,99,2.66,2.5,-0.16,28,5,1,3400000,0.0417177914110429
David Rittich,28,19,15,5,8,2,46,463,417,0.901,2.86,1,2.4,966,7,0.467,3,108.0,-3.34,191,0,300,2.86,2.46,-0.4,26,2,0,2750000,0.0337423312883435
Juuse Saros,25,36,35,21,11,1,78,1073,995,0.927,2.28,3,8.6,2052,22,0.629,5,79.0,20.86,180,0,99,2.27,2.49,0.21,23,3,0,1500000,0.0184049079754601
Ilya Sorokin,25,22,21,13,6,3,46,563,517,0.918,2.17,3,4.0,1272,15,0.714,3,89.0,5.87,188,0,78,2.17,2.3,0.13,24,1,0,2000000,0.0245398773006134
Anthony Stolarz,27,8,7,4,3,0,17,230,213,0.926,2.2,1,1.8,464,5,0.714,1,80.0,4.19,198,0,45,2.2,2.45,0.25,25,2,1,750000,0.00920245398773
Malcolm Subban,27,16,14,6,8,1,47,471,424,0.9,3.2,2,2.4,881,6,0.429,4,108.0,-3.61,188,0,24,3.2,2.93,-0.27,26,2,1,850000,0.0104294478527607
Cam Talbot,33,33,33,19,8,5,86,1008,922,0.915,2.63,2,6.7,1961,21,0.636,2,93.0,6.87,193,0,300,2.59,2.44,-0.14,32,3,1,3666667,0.0449897791411042
Linus Ullmark,27,20,20,9,6,3,49,591,542,0.917,2.63,0,4.1,1117,11,0.55,0,90.0,5.45,193,0,163,2.63,2.5,-0.13,26,1,0,2600000,0.0319018404907975
Semyon Varlamov,32,36,35,19,11,4,72,1020,948,0.929,2.04,7,8.4,2117,26,0.743,4,77.0,21.97,188,0,23,2.04,2.29,0.25,31,4,1,5000000,0.0613496932515337
Andrei Vasilevskiy,26,42,42,31,10,1,93,1237,1144,0.925,2.21,5,9.6,2524,24,0.571,0,82.0,20.96,191,0,19,2.21,2.51,0.3,25,8,0,9500000,0.1165644171779141
